,text,airline_sentiment
0,@VirginAmerica What @dhepburn said.,neutral
1,@VirginAmerica plus you've added commercials to the experience... tacky.,positive
2,@VirginAmerica I didn't today... Must mean I need to take another trip!,neutral
3,"@VirginAmerica it's really aggressive to blast obnoxious ""entertainment"" in your guests' faces &amp; they have little recourse",negative
4,@VirginAmerica and it's a really big bad thing about it,negative
5,"@VirginAmerica seriously would pay $30 a flight for seats that didn't have this playing.
it's really the only bad thing about flying VA",negative
6,"@VirginAmerica yes, nearly every time I fly VX this ‚Äúear worm‚Äù won‚Äôt go away :)",positive
7,"@VirginAmerica Really missed a prime opportunity for Men Without Hats parody, there. https://t.co/mWpG7grEZP",neutral
8,"@virginamerica Well, I didn't‚Ä¶but NOW I DO! :-D",positive
9,"@VirginAmerica it was amazing, and arrived an hour early. You're too good to me.",positive
10,@VirginAmerica did you know that suicide is the second leading cause of death among teens 10-24,neutral
11,@VirginAmerica I &lt;3 pretty graphics. so much better than minimal iconography. :D,positive
12,@VirginAmerica This is such a great deal! Already thinking about my 2nd trip to @Australia &amp; I haven't even gone on my 1st trip yet! ;p,positive
13,@VirginAmerica @virginmedia I'm flying your #fabulous #Seductive skies again! U take all the #stress away from travel http://t.co/ahlXHhKiyn,positive
14,@VirginAmerica Thanks!,positive
15,@VirginAmerica SFO-PDX schedule is still MIA.,negative
16,@VirginAmerica So excited for my first cross country flight LAX to MCO I've heard nothing but great things about Virgin America. #29DaysToGo,positive
17,@VirginAmerica  I flew from NYC to SFO last week and couldn't fully sit in my seat due to two large gentleman on either side of me. HELP!,negative
18,I ‚ù§Ô∏è flying @VirginAmerica. ‚ò∫Ô∏èüëç,positive
19,@VirginAmerica you know what would be amazingly awesome? BOS-FLL PLEASE!!!!!!! I want to fly with only you.,positive
20,@VirginAmerica why are your first fares in May over three times more than other carriers when all seats are available to select???,negative
21,@VirginAmerica I love this graphic. http://t.co/UT5GrRwAaA,positive
22,@VirginAmerica I love the hipster innovation. You are a feel good brand.,positive
23,@VirginAmerica will you be making BOS&gt;LAS non stop permanently anytime soon?,neutral
24,@VirginAmerica you guys messed up my seating.. I reserved seating with my friends and you guys gave my seat away ... üò° I want free internet,negative
25,@VirginAmerica status match program.  I applied and it's been three weeks.  Called and emailed with no response.,negative
26,@VirginAmerica What happened 2 ur vegan food options?! At least say on ur site so i know I won't be able 2 eat anything for next 6 hrs #fail,negative
27,@VirginAmerica do you miss me? Don't worry we'll be together very soon.,neutral
28,@VirginAmerica amazing to me that we can't get any cold air from the vents. #VX358 #noair #worstflightever #roasted #SFOtoBOS,negative
29,@VirginAmerica LAX to EWR - Middle seat on a red eye. Such a noob maneuver. #sendambien #andchexmix,neutral
30,"@VirginAmerica hi! I just bked a cool birthday trip with you, but i can't add my elevate no. cause i entered my middle name during Flight Booking Problems üò¢",negative
31,@VirginAmerica Are the hours of operation for the Club at SFO that are posted online current?,neutral
32,"@VirginAmerica help, left expensive headphones on flight 89 IAD to LAX today. Seat 2A. No one answering L&amp;F number at LAX!",negative
33,"@VirginAmerica awaiting my return phone call, just would prefer to use your online self-service option :(",negative
34,@VirginAmerica this is great news!  America could start flights to Hawaii by end of year http://t.co/r8p2Zy3fe4 via @Pacificbiznews,positive
35,Nice RT @VirginAmerica: Vibe with the moodlight from takeoff to touchdown. #MoodlitMonday #ScienceBehindTheExperience http://t.co/Y7O0uNxTQP,neutral
36,@VirginAmerica Moodlighting is the only way to fly! Best experience EVER! Cool and calming. üíú‚úà #MoodlitMonday,positive
37,"@VirginAmerica @freddieawards Done and done! Best airline around, hands down!",positive
38,@VirginAmerica when can I book my flight to Hawaii??,neutral
39,@VirginAmerica Your chat support is not working on your site: http://t.co/vhp2GtDWPk,negative
40,"@VirginAmerica View of downtown Los Angeles, the Hollywood Sign, and beyond that rain in the mountains! http://t.co/Dw5nf0ibtr",positive
41,"@VirginAmerica Hey, first time flyer next week - excited! But I'm having a hard time getting my flights added to my Elevate account. Help?",negative
42,@VirginAmerica plz help me win my bid upgrade for my flight 2/27 LAX---&gt;SEA!!!  üç∑üëçüí∫‚úàÔ∏è,neutral
43,@VirginAmerica I have an unused ticket but moved to a new city where you don't fly. How can I fly with you before it expires? #travelhelp,neutral
44,@VirginAmerica are flights leaving Dallas for Seattle on time Feb 24?,neutral
45,@VirginAmerica I'm #elevategold for a good reason: you rock!!,positive
46,@VirginAmerica  DREAM http://t.co/oA2dRfAoQ2 http://t.co/lWWdAc2kHx,neutral
47,@VirginAmerica wow this just blew my mind,positive
48,@VirginAmerica @ladygaga @carrieunderwood After last night #tribute #SoundOfMusic #Oscars2015 @ladygaga! I think @carrieunderwood agree,neutral
49,@VirginAmerica @ladygaga @carrieunderwood All were entertaining,neutral
